run,timestamp,suite,experiment,dataset,m_hyperedges,n_vertices,c_min,c_max,pool_size,bridge_frac,avg_h2h_deg,h2h_pairs,batch_kind,batch_size,del_pct,placement,rep,seed,t_escher_ms,t_delta_ms,t_csr_apply_ms,t_sosp_update_ms,t_dynamic_total_ms,t_static_ms,speedup,iters,fallback,seeds,max_frontier,overflow_rebuilds,dev_mem_mb,escher_mb,graph_mb,reachable_frac,verified,correct,oracle,mismatch_static,mismatch_oracle,parent_errors
1,2026-09-26T02:55:18,real,paper,coauth.hg,2466792,1924991,1,25,0,0,101.64,125363024,hyperedge,25000,50,random,0,20260725,2146.77,2592.66,1284.07,462.335,6485.84,339.15,0.0522908,19,1,1041410,2216412,0,5394.31,2428.36,2380.28,0.925859,0,1,none,0,-1,-1
1,2026-09-26T02:55:25,real,paper,coauth.hg,2466792,1924991,1,25,0,0,101.557,125260036,hyperedge,25000,50,random,1,20260725,2264.66,2797.45,1389.45,453.319,6904.87,337.759,0.048916,19,1,1048558,2215665,0,5394.31,2428.36,2380.28,0.925859,0,1,none,0,-1,-1
1,2026-09-26T02:55:32,real,paper,coauth.hg,2466792,1924991,1,25,0,0,101.502,125192539,hyperedge,25000,50,random,2,20260725,2326.18,2855.18,1417.43,444.485,7043.28,337.255,0.0478833,17,1,1040124,2214944,0,5394.31,2428.36,2380.28,0.925859,0,1,none,0,-1,-1
2,2026-09-26T03:11:02,real,paper,coauth.hg,2466792,1924991,1,25,0,0,101.64,125363024,hyperedge,25000,50,random,0,20260725,2170.86,2606.47,1284.33,465.805,6527.46,339.67,0.0520371,20,1,1041410,2216560,0,5394.31,2428.36,2380.28,0.925859,0,1,none,0,-1,-1
2,2026-09-26T03:11:09,real,paper,coauth.hg,2466792,1924991,1,25,0,0,101.557,125260036,hyperedge,25000,50,random,1,20260725,2271.42,2806.06,1395.09,454.984,6927.55,337.918,0.0487789,19,1,1048558,2215795,0,5394.31,2428.36,2380.28,0.925859,0,1,none,0,-1,-1
2,2026-09-26T03:11:17,real,paper,coauth.hg,2466792,1924991,1,25,0,0,101.502,125192539,hyperedge,25000,50,random,2,20260725,2347.42,2866.88,1419.4,442.821,7076.52,335.818,0.0474553,18,1,1040124,2214929,0,5394.31,2428.36,2380.28,0.925859,0,1,none,0,-1,-1
3,2026-09-26T03:23:48,real,paper,coauth.hg,2466792,1924991,1,25,0,0,101.64,125363024,hyperedge,25000,50,random,0,20260725,2156.88,2605.16,1283.62,464.125,6509.78,337.677,0.0518723,20,1,1041410,2216549,0,5394.31,2428.36,2380.28,0.925859,0,1,none,0,-1,-1
3,2026-09-26T03:23:55,real,paper,coauth.hg,2466792,1924991,1,25,0,0,101.557,125260036,hyperedge,25000,50,random,1,20260725,2278.09,2819.2,1392.59,457.293,6947.17,335.842,0.0483423,19,1,1048558,2215841,0,5394.31,2428.36,2380.28,0.925859,0,1,none,0,-1,-1
3,2026-09-26T03:24:03,real,paper,coauth.hg,2466792,1924991,1,25,0,0,101.502,125192539,hyperedge,25000,50,random,2,20260725,2335.83,2852,1416.95,442.976,7047.76,334.508,0.0474631,19,1,1040124,2214876,0,5394.31,2428.36,2380.28,0.925859,0,1,none,0,-1,-1
1,2026-09-26T02:56:16,real,paper,coauth.hg,2466792,1924991,1,25,0,0,101.592,125303771,hyperedge,50000,50,random,0,20260725,4362.97,5634.86,1965.45,928.792,12892.1,339.202,0.0263109,18,1,1387496,2215790,0,5680.31,2684.14,2386,0.925859,0,1,none,0,-1,-1
1,2026-09-26T02:56:30,real,paper,coauth.hg,2466792,1924991,1,25,0,0,101.489,125176627,hyperedge,50000,50,random,1,20260725,4441.17,5960.13,2803.47,484.65,13689.4,339.132,0.0247733,18,1,1393626,2214767,0,5680.31,2684.14,2386,0.925859,0,1,none,0,-1,-1
1,2026-09-26T02:56:44,real,paper,coauth.hg,2466792,1924991,1,25,0,0,101.295,124937235,hyperedge,50000,50,random,2,20260725,5220.76,5371.44,2193.51,907.542,13693.3,342.823,0.0250359,18,1,1389881,2213138,0,5680.31,2684.14,2386,0.925859,0,1,none,0,-1,-1
2,2026-09-26T03:11:51,real,paper,coauth.hg,2466792,1924991,1,25,0,0,101.592,125303771,hyperedge,50000,50,random,0,20260725,4447.13,5712.42,2022.39,939.015,13121,334.785,0.0255153,19,1,1387496,2215762,0,5680.31,2684.14,2386,0.925859,0,1,none,0,-1,-1
2,2026-09-26T03:12:06,real,paper,coauth.hg,2466792,1924991,1,25,0,0,101.489,125176627,hyperedge,50000,50,random,1,20260725,4537.75,6007.35,2804.6,484.821,13834.5,339.648,0.0245508,19,1,1393626,2214621,0,5680.31,2684.14,2386,0.925859,0,1,none,0,-1,-1
2,2026-09-26T03:12:20,real,paper,coauth.hg,2466792,1924991,1,25,0,0,101.295,124937235,hyperedge,50000,50,random,2,20260725,5266.91,5390.53,2878.74,477.089,14013.3,340.903,0.0243272,18,1,1389881,2213136,0,5680.31,2684.14,2386,0.925859,0,1,none,0,-1,-1
3,2026-09-26T03:24:47,real,paper,coauth.hg,2466792,1924991,1,25,0,0,101.592,125303771,hyperedge,50000,50,random,0,20260725,4299.05,5634.14,1952.2,923.047,12808.4,338.671,0.0264412,19,1,1387496,2215817,0,5680.31,2684.14,2386,0.925859,0,1,none,0,-1,-1
3,2026-09-26T03:25:01,real,paper,coauth.hg,2466792,1924991,1,25,0,0,101.489,125176627,hyperedge,50000,50,random,1,20260725,4419.35,5930.02,2771,485.787,13606.1,339.557,0.0249562,19,1,1393626,2214592,0,5680.31,2684.14,2386,0.925859,0,1,none,0,-1,-1
3,2026-09-26T03:25:15,real,paper,coauth.hg,2466792,1924991,1,25,0,0,101.295,124937235,hyperedge,50000,50,random,2,20260725,5168.63,5345.97,2177.05,902.412,13594.1,341.465,0.0251187,19,1,1389881,2213224,0,5680.31,2684.14,2386,0.925859,0,1,none,0,-1,-1
1,2026-09-26T02:57:39,real,paper,coauth.hg,2466792,1924991,1,25,0,0,101.45,125127871,hyperedge,100000,50,random,0,20260725,8703.9,12887.7,3962.37,1108.33,26662.3,345.26,0.0129493,17,1,1700615,2214272,0,6192.31,3195.69,2397.44,0.925859,0,1,none,0,-1,-1
1,2026-09-26T02:58:05,real,paper,coauth.hg,2466792,1924991,1,25,0,0,101.083,124674886,hyperedge,100000,50,random,1,20260725,9802.51,11074,4090.1,1091.16,26057.8,346.469,0.0132962,18,1,1705534,2211188,0,6192.31,3195.69,2397.44,0.925859,0,1,none,0,-1,-1
1,2026-09-26T02:58:32,real,paper,coauth.hg,2466792,1924991,1,25,0,0,100.816,124346762,hyperedge,100000,50,random,2,20260725,9966.21,11177.6,4215.01,1135.61,26494.4,344.196,0.0129913,18,1,1701528,2208836,0,6192.31,3195.69,2397.44,0.925859,0,1,none,0,-1,-1
2,2026-09-26T03:13:11,real,paper,coauth.hg,2466792,1924991,1,25,0,0,101.45,125127871,hyperedge,100000,50,random,0,20260725,8645.21,12846.3,3930.46,1108.35,26530.3,344.043,0.0129679,19,1,1700615,2214370,0,6192.31,3195.69,2397.44,0.925859,0,1,none,0,-1,-1
2,2026-09-26T03:13:37,real,paper,coauth.hg,2466792,1924991,1,25,0,0,101.083,124674886,hyperedge,100000,50,random,1,20260725,9752.17,10998.3,4061.48,1088.03,25899.9,343.378,0.0132579,16,1,1705534,2211383,0,6192.31,3195.69,2397.44,0.925859,0,1,none,0,-1,-1
2,2026-09-26T03:14:04,real,paper,coauth.hg,2466792,1924991,1,25,0,0,100.816,124346762,hyperedge,100000,50,random,2,20260725,9944.74,11105,4203.57,1126.8,26380.1,349.1,0.0132334,18,1,1701528,2208780,0,6192.31,3195.69,2397.44,0.925859,0,1,none,0,-1,-1
3,2026-09-26T03:26:16,real,paper,coauth.hg,2466792,1924991,1,25,0,0,101.45,125127871,hyperedge,100000,50,random,0,20260725,8640.05,12832,3933.46,1108.55,26514,345.23,0.0130206,17,1,1700615,2214244,0,6192.31,3195.69,2397.44,0.925859,0,1,none,0,-1,-1
3,2026-09-26T03:26:42,real,paper,coauth.hg,2466792,1924991,1,25,0,0,101.083,124674886,hyperedge,100000,50,random,1,20260725,9760.88,10990.5,4061.82,1084.54,25897.8,344.441,0.0133,17,1,1705534,2211325,0,6192.31,3195.69,2397.44,0.925859,0,1,none,0,-1,-1
3,2026-09-26T03:27:10,real,paper,coauth.hg,2466792,1924991,1,25,0,0,100.816,124346762,hyperedge,100000,50,random,2,20260725,10801.7,11342.5,4179.72,1128.76,27452.6,348.658,0.0127004,17,1,1701528,2208731,0,6192.31,3195.69,2397.44,0.925859,0,1,none,0,-1,-1
1,2026-09-26T03:01:32,real,paper,coauth.hg,2466792,1924991,1,25,0,0,101.113,124712653,hyperedge,200000,50,random,0,20260725,19388.2,26862.2,7835.67,1322.48,55408.6,347.948,0.00627967,17,1,1950497,2211796,0,7222.31,4218.79,2420.33,0.925859,0,1,none,0,-1,-1
1,2026-09-26T03:02:25,real,paper,coauth.hg,2466792,1924991,1,25,0,0,100.571,124043888,hyperedge,200000,50,random,1,20260725,19306,24151.1,8170.27,1345.93,52973.3,349.319,0.00659425,17,1,1949453,2206567,0,7222.31,4218.79,2420.33,0.925859,0,1,none,0,-1,-1
1,2026-09-26T03:03:19,real,paper,coauth.hg,2466792,1924991,1,25,0,0,99.9709,123303856,hyperedge,200000,50,random,2,20260725,19340.3,24672.5,8273.79,1368.13,53654.7,349.148,0.0065073,17,1,1949729,2202368,0,7222.31,4218.79,2420.33,0.925859,0,1,none,0,-1,-1
2,2026-09-26T03:15:30,real,paper,coauth.hg,2466792,1924991,1,25,0,0,101.113,124712653,hyperedge,200000,50,random,0,20260725,19139,26732.3,7658.33,1316.18,54845.9,344.314,0.00627785,20,1,1950497,2211874,0,7222.31,4218.79,2420.33,0.925859,0,1,none,0,-1,-1
2,2026-09-26T03:16:23,real,paper,coauth.hg,2466792,1924991,1,25,0,0,100.571,124043888,hyperedge,200000,50,random,1,20260725,18964.6,23974.9,8044.63,1328.06,52312.2,345.457,0.00660377,17,1,1949453,2206779,0,7222.31,4218.79,2420.33,0.925859,0,1,none,0,-1,-1
2,2026-09-26T03:17:17,real,paper,coauth.hg,2466792,1924991,1,25,0,0,99.9709,123303856,hyperedge,200000,50,random,2,20260725,19074.5,24513.9,8174.44,1358.87,53121.7,344.8,0.00649075,17,1,1949729,2202339,0,7222.31,4218.79,2420.33,0.925859,0,1,none,0,-1,-1
3,2026-09-26T03:28:36,real,paper,coauth.hg,2466792,1924991,1,25,0,0,101.113,124712653,hyperedge,200000,50,random,0,20260725,18816.6,26667.2,7565.99,1309.54,54359.3,339.819,0.00625135,20,1,1950497,2211911,0,7228.31,4218.79,2420.33,0.925859,0,1,none,0,-1,-1
3,2026-09-26T03:29:28,real,paper,coauth.hg,2466792,1924991,1,25,0,0,100.571,124043888,hyperedge,200000,50,random,1,20260725,18687.5,23912.3,7932.94,1325.57,51858.2,345.692,0.0066661,18,1,1949453,2206749,0,7222.31,4218.79,2420.33,0.925859,0,1,none,0,-1,-1
3,2026-09-26T03:30:21,real,paper,coauth.hg,2466792,1924991,1,25,0,0,99.9709,123303856,hyperedge,200000,50,random,2,20260725,18753.4,24435.1,8055.68,1351.14,52595.3,342.993,0.00652136,17,1,1949729,2202196,0,7222.31,4218.79,2420.33,0.925859,0,1,none,0,-1,-1
1,2026-09-26T03:05:19,real,paper,coauth.hg,2466792,1924991,1,25,0,0,101.607,125321956,vertex,25000,50,random,0,20260725,482.572,632.105,298.8,399.654,1813.13,335.857,0.185236,19,1,448564,2216526,0,5136.31,2172.59,2374.56,0.925859,0,1,none,0,-1,-1
1,2026-09-26T03:05:21,real,paper,coauth.hg,2466792,1924991,1,25,0,0,101.501,125191336,vertex,25000,50,random,1,20260725,613.491,727.996,357.113,439.586,2138.19,332.948,0.155715,19,1,463605,2215704,0,5136.31,2172.59,2374.56,0.925859,0,1,none,0,-1,-1
1,2026-09-26T03:05:24,real,paper,coauth.hg,2466792,1924991,1,25,0,0,101.39,125054523,vertex,25000,50,random,2,20260725,618.066,710.171,367.243,445.415,2140.89,337.711,0.157743,19,1,462430,2214805,0,5136.31,2172.59,2374.56,0.925859,0,1,none,0,-1,-1
2,2026-09-26T03:18:03,real,paper,coauth.hg,2466792,1924991,1,25,0,0,101.607,125321956,vertex,25000,50,random,0,20260725,463.711,623.964,290.032,400.712,1778.42,334.097,0.187862,19,1,448564,2216570,0,5136.31,2172.59,2374.56,0.925859,0,1,none,0,-1,-1
2,2026-09-26T03:18:06,real,paper,coauth.hg,2466792,1924991,1,25,0,0,101.501,125191336,vertex,25000,50,random,1,20260725,598.416,733.618,347.925,438.87,2118.83,334.564,0.1579,19,1,463605,2215640,0,5136.31,2172.59,2374.56,0.925859,0,1,none,0,-1,-1
2,2026-09-26T03:18:08,real,paper,coauth.hg,2466792,1924991,1,25,0,0,101.39,125054523,vertex,25000,50,random,2,20260725,605.001,708.097,365.306,441.527,2119.93,335.014,0.158031,19,1,462430,2214809,0,5136.31,2172.59,2374.56,0.925859,0,1,none,0,-1,-1
3,2026-09-26T03:31:06,real,paper,coauth.hg,2466792,1924991,1,25,0,0,101.607,125321956,vertex,25000,50,random,0,20260725,492.638,633.847,296.672,399.384,1822.54,334.631,0.183607,19,1,448564,2216479,0,5136.31,2172.59,2374.56,0.925859,0,1,none,0,-1,-1
3,2026-09-26T03:31:08,real,paper,coauth.hg,2466792,1924991,1,25,0,0,101.501,125191336,vertex,25000,50,random,1,20260725,610.547,727.375,357.207,440.886,2136.02,331.312,0.155108,20,1,463605,2215689,0,5136.31,2172.59,2374.56,0.925859,0,1,none,0,-1,-1
3,2026-09-26T03:31:11,real,paper,coauth.hg,2466792,1924991,1,25,0,0,101.39,125054523,vertex,25000,50,random,2,20260725,620.429,722.057,369.507,441.871,2153.86,334.94,0.155507,19,1,462430,2214782,0,5136.31,2172.59,2374.56,0.925859,0,1,none,0,-1,-1
1,2026-09-26T03:06:07,real,paper,coauth.hg,2466792,1924991,1,25,0,0,101.508,125200010,vertex,50000,50,random,0,20260725,1075.87,1368.67,627.258,459.12,3530.91,332.987,0.0943062,19,1,730142,2215710,0,5136.31,2172.59,2374.56,0.925859,0,1,none,0,-1,-1
1,2026-09-26T03:06:11,real,paper,coauth.hg,2466792,1924991,1,25,0,0,101.291,124931657,vertex,50000,50,random,1,20260725,1227.9,1482.98,659.409,462.058,3832.35,333.417,0.0870005,20,1,729180,2213830,0,5136.31,2172.59,2374.56,0.925859,0,1,none,0,-1,-1
1,2026-09-26T03:06:15,real,paper,coauth.hg,2466792,1924991,1,25,0,0,101.104,124701660,vertex,50000,50,random,2,20260725,1252.09,1452.81,692.931,443.788,3841.62,332.802,0.0866306,19,1,721536,2212474,0,5136.31,2172.59,2374.56,0.925859,0,1,none,0,-1,-1
2,2026-09-26T03:18:45,real,paper,coauth.hg,2466792,1924991,1,25,0,0,101.508,125200010,vertex,50000,50,random,0,20260725,1101.36,1402.71,639.911,462.186,3606.16,333.938,0.0926021,19,1,730142,2215717,0,5136.31,2172.59,2374.56,0.925859,0,1,none,0,-1,-1
2,2026-09-26T03:18:49,real,paper,coauth.hg,2466792,1924991,1,25,0,0,101.291,124931657,vertex,50000,50,random,1,20260725,1279.33,1527.86,769.109,463.008,4039.31,332.492,0.082314,18,1,729180,2213871,0,5136.31,2172.59,2374.56,0.925859,0,1,none,0,-1,-1
2,2026-09-26T03:18:54,real,paper,coauth.hg,2466792,1924991,1,25,0,0,101.104,124701660,vertex,50000,50,random,2,20260725,1576.06,1724.38,880.183,443.462,4624.09,332.429,0.0718908,19,1,721536,2212635,0,5136.31,2172.59,2374.56,0.925859,0,1,none,0,-1,-1
3,2026-09-26T03:31:44,real,paper,coauth.hg,2466792,1924991,1,25,0,0,101.508,125200010,vertex,50000,50,random,0,20260725,1079.09,1371.35,633.654,462.257,3546.35,331.293,0.0934181,19,1,730142,2215511,0,5136.31,2172.59,2374.56,0.925859,0,1,none,0,-1,-1
3,2026-09-26T03:31:48,real,paper,coauth.hg,2466792,1924991,1,25,0,0,101.291,124931657,vertex,50000,50,random,1,20260725,1228.49,1489.08,658.307,460.187,3836.07,327.913,0.0854815,19,1,729180,2213834,0,5136.31,2172.59,2374.56,0.925859,0,1,none,0,-1,-1
3,2026-09-26T03:31:52,real,paper,coauth.hg,2466792,1924991,1,25,0,0,101.104,124701660,vertex,50000,50,random,2,20260725,1249.16,1464.45,695.492,441.617,3850.71,331.663,0.0861303,20,1,721536,2212549,0,5136.31,2172.59,2374.56,0.925859,0,1,none,0,-1,-1
1,2026-09-26T03:07:03,real,paper,coauth.hg,2466792,1924991,1,25,0,0,101.298,124940356,vertex,100000,50,random,0,20260725,2285.73,2911.66,1302.69,517.78,7017.86,334.717,0.047695,16,1,1066800,2213866,0,5136.31,2172.59,2374.56,0.925859,0,1,none,0,-1,-1
1,2026-09-26T03:07:11,real,paper,coauth.hg,2466792,1924991,1,25,0,0,100.907,124458006,vertex,100000,50,random,1,20260725,2484.77,3020.9,1392.24,470.25,7368.16,335.32,0.0455094,19,1,1061059,2210716,0,5136.31,2172.59,2374.56,0.925859,0,1,none,0,-1,-1
1,2026-09-26T03:07:19,real,paper,coauth.hg,2466792,1924991,1,25,0,0,100.532,123995595,vertex,100000,50,random,2,20260725,2602.31,3123.79,1439.41,484.901,7650.4,334.62,0.0437388,18,1,1057034,2207645,0,5136.31,2172.59,2374.56,0.925859,0,1,none,0,-1,-1
2,2026-09-26T03:19:41,real,paper,coauth.hg,2466792,1924991,1,25,0,0,101.298,124940356,vertex,100000,50,random,0,20260725,2262.48,2887.43,1297.18,517.445,6964.53,335.049,0.0481079,19,1,1066800,2213903,0,5136.31,2172.59,2374.56,0.925859,0,1,none,0,-1,-1
2,2026-09-26T03:19:48,real,paper,coauth.hg,2466792,1924991,1,25,0,0,100.907,124458006,vertex,100000,50,random,1,20260725,2468.86,2997.25,1377.07,468.424,7311.61,333.565,0.0456213,17,1,1061059,2210786,0,5136.31,2172.59,2374.56,0.925859,0,1,none,0,-1,-1
2,2026-09-26T03:19:56,real,paper,coauth.hg,2466792,1924991,1,25,0,0,100.532,123995595,vertex,100000,50,random,2,20260725,2589.4,3097.59,1430.05,488.98,7606.02,335.287,0.0440819,18,1,1057034,2207680,0,5136.31,2172.59,2374.56,0.925859,0,1,none,0,-1,-1
3,2026-09-26T03:32:38,real,paper,coauth.hg,2466792,1924991,1,25,0,0,101.298,124940356,vertex,100000,50,random,0,20260725,2282.05,2898.23,1299.69,514.946,6994.92,335.387,0.0479473,20,1,1066800,2213912,0,5136.31,2172.59,2374.56,0.925859,0,1,none,0,-1,-1
3,2026-09-26T03:32:46,real,paper,coauth.hg,2466792,1924991,1,25,0,0,100.907,124458006,vertex,100000,50,random,1,20260725,2489.8,3019.31,1404.59,472.46,7386.16,334.593,0.0453,20,1,1061059,2210788,0,5136.31,2172.59,2374.56,0.925859,0,1,none,0,-1,-1
3,2026-09-26T03:32:54,real,paper,coauth.hg,2466792,1924991,1,25,0,0,100.532,123995595,vertex,100000,50,random,2,20260725,2646.68,3117.06,1446.94,487.8,7698.47,335.268,0.0435499,18,1,1057034,2207738,0,5136.31,2172.59,2374.56,0.925859,0,1,none,0,-1,-1
1,2026-09-26T03:08:36,real,paper,coauth.hg,2466792,1924991,1,25,0,0,100.925,124480241,vertex,200000,50,random,0,20260725,4788.53,5975.8,2631.11,565.429,13960.9,334.29,0.0239448,19,1,1419871,2210878,0,5136.31,2172.59,2374.56,0.925859,0,1,none,0,-1,-1
1,2026-09-26T03:08:51,real,paper,coauth.hg,2466792,1924991,1,25,0,0,100.159,123535626,vertex,200000,50,random,1,20260725,5078.95,6198.23,2753.25,543.381,14573.8,345.716,0.0237217,17,1,1408350,2204743,0,5136.31,2172.59,2374.56,0.925859,0,1,none,0,-1,-1
1,2026-09-26T03:09:06,real,paper,coauth.hg,2466792,1924991,1,25,0,0,99.3904,122587838,vertex,200000,50,random,2,20260725,5204.67,6272.88,2819.02,512.445,14809,340.807,0.0230135,19,1,1405866,2198877,0,5142.31,2172.59,2374.56,0.925859,0,1,none,0,-1,-1
2,2026-09-26T03:21:12,real,paper,coauth.hg,2466792,1924991,1,25,0,0,100.925,124480241,vertex,200000,50,random,0,20260725,4796.96,5976.53,2621.32,573.99,13968.8,336.052,0.0240573,19,1,1419871,2210895,0,5136.31,2172.59,2374.56,0.925859,0,1,none,0,-1,-1
2,2026-09-26T03:21:27,real,paper,coauth.hg,2466792,1924991,1,25,0,0,100.159,123535626,vertex,200000,50,random,1,20260725,5115.38,6215.77,2775.66,551.289,14658.1,346.464,0.0236364,17,1,1408350,2204808,0,5136.31,2172.59,2374.56,0.925859,0,1,none,0,-1,-1
2,2026-09-26T03:21:42,real,paper,coauth.hg,2466792,1924991,1,25,0,0,99.3904,122587838,vertex,200000,50,random,2,20260725,5241.99,6287.49,2835,518.44,14882.9,341.866,0.0229703,19,1,1405866,2198726,0,5136.31,2172.59,2374.56,0.925859,0,1,none,0,-1,-1
3,2026-09-26T03:34:08,real,paper,coauth.hg,2466792,1924991,1,25,0,0,100.925,124480241,vertex,200000,50,random,0,20260725,4754.96,5972.33,2597.58,565.537,13890.4,335.845,0.0241782,19,1,1419871,2210908,0,5136.31,2172.59,2374.56,0.925859,0,1,none,0,-1,-1
3,2026-09-26T03:34:23,real,paper,coauth.hg,2466792,1924991,1,25,0,0,100.159,123535626,vertex,200000,50,random,1,20260725,5058.14,6197.6,2748.15,542.096,14546,345.045,0.023721,16,1,1408350,2204934,0,5136.31,2172.59,2374.56,0.925859,0,1,none,0,-1,-1
3,2026-09-26T03:34:38,real,paper,coauth.hg,2466792,1924991,1,25,0,0,99.3904,122587838,vertex,200000,50,random,2,20260725,5179.87,6257.54,2812.27,514.069,14763.8,337.716,0.0228747,19,1,1405866,2198788,0,5136.31,2172.59,2374.56,0.925859,0,1,none,0,-1,-1
