run,timestamp,suite,experiment,dataset,m_hyperedges,n_vertices,c_min,c_max,pool_size,bridge_frac,avg_h2h_deg,h2h_pairs,batch_kind,batch_size,del_pct,placement,rep,seed,t_escher_ms,t_delta_ms,t_csr_apply_ms,t_sosp_update_ms,t_dynamic_total_ms,t_static_ms,speedup,iters,fallback,seeds,max_frontier,overflow_rebuilds,dev_mem_mb,escher_mb,graph_mb,reachable_frac,verified,correct,oracle,mismatch_static,mismatch_oracle,parent_errors,fallback_iters,invalidated,update_work,static_iters
1,2026-09-26T02:49:28,real,paper,coauth.hg,2466792,1924991,1,25,0,0,101.64,125363024,hyperedge,25000,50,random,0,20260725,93.9084,40.8484,6.96888,4.0016,145.727,79.0182,0.542233,13,0,104115,95060,0,6592.31,2451.02,2830.21,0.925859,0,1,none,0,-1,-1,0,104115,22298200,17
1,2026-09-26T02:49:29,real,paper,coauth.hg,2466792,1924991,1,25,0,0,101.557,125260036,hyperedge,25000,50,random,1,20260725,56.8136,27.1143,6.16301,2.8939,92.9848,77.8196,0.836906,13,0,58545,53859,0,6592.31,2451.02,2830.21,0.925859,0,1,none,0,-1,-1,0,58545,13470243,16
1,2026-09-26T02:49:29,real,paper,coauth.hg,2466792,1924991,1,25,0,0,101.516,125209730,hyperedge,25000,50,random,2,20260725,53.4186,25.6987,5.29055,2.83665,87.2446,77.9491,0.893455,12,0,61795,56072,0,6592.31,2451.02,2830.21,0.925859,0,1,none,0,-1,-1,0,61795,13152077,16
2,2026-09-26T02:51:41,real,paper,coauth.hg,2466792,1924991,1,25,0,0,101.64,125363024,hyperedge,25000,50,random,0,20260725,84.7537,40.6284,7.04002,3.86454,136.287,78.2614,0.574241,13,0,104115,95027,0,6592.31,2451.02,2830.21,0.925859,0,1,none,0,-1,-1,0,104115,22312857,17
2,2026-09-26T02:51:42,real,paper,coauth.hg,2466792,1924991,1,25,0,0,101.557,125260036,hyperedge,25000,50,random,1,20260725,57.6101,28.0982,6.0681,2.92111,94.6975,77.8267,0.821845,13,0,58545,53832,0,6592.31,2451.02,2830.21,0.925859,0,1,none,0,-1,-1,0,58545,13475560,16
2,2026-09-26T02:51:42,real,paper,coauth.hg,2466792,1924991,1,25,0,0,101.516,125209730,hyperedge,25000,50,random,2,20260725,56.1324,26.5904,5.34392,2.85248,90.9192,77.6241,0.85377,12,0,61795,56086,0,6592.31,2451.02,2830.21,0.925859,0,1,none,0,-1,-1,0,61795,13156757,16
3,2026-09-26T02:53:40,real,paper,coauth.hg,2466792,1924991,1,25,0,0,101.64,125363024,hyperedge,25000,50,random,0,20260725,93.7841,39.9462,7.01741,3.84511,144.593,78.8376,0.545239,13,0,104115,95019,0,6592.31,2451.02,2830.21,0.925859,0,1,none,0,-1,-1,0,104115,22326661,18
3,2026-09-26T02:53:40,real,paper,coauth.hg,2466792,1924991,1,25,0,0,101.557,125260036,hyperedge,25000,50,random,1,20260725,53.8064,27.4354,6.10813,2.89714,90.2471,78.3942,0.868661,13,0,58545,53848,0,6592.31,2451.02,2830.21,0.925859,0,1,none,0,-1,-1,0,58545,13461775,16
3,2026-09-26T02:53:40,real,paper,coauth.hg,2466792,1924991,1,25,0,0,101.516,125209730,hyperedge,25000,50,random,2,20260725,53.0121,26.1278,5.38657,2.85753,87.3839,77.8594,0.891003,12,0,61795,56080,0,6592.31,2451.02,2830.21,0.925859,0,1,none,0,-1,-1,0,61795,13161418,16
1,2026-09-26T02:49:40,real,paper,coauth.hg,2466792,1924991,1,25,0,0,101.592,125303771,hyperedge,50000,50,random,0,20260725,117.699,61.131,10.2733,9.42957,198.533,78.9253,0.397542,18,0,252918,233064,0,7350.31,2706.8,2842.8,0.925859,0,1,none,0,-1,-1,0,252918,69288797,18
1,2026-09-26T02:49:40,real,paper,coauth.hg,2466792,1924991,1,25,0,0,101.489,125176627,hyperedge,50000,50,random,1,20260725,85.8129,50.661,10.0265,4.83238,151.333,79.3298,0.524208,13,0,133593,121315,0,7350.31,2706.8,2842.8,0.925859,0,1,none,0,-1,-1,0,133593,26829443,18
1,2026-09-26T02:49:40,real,paper,coauth.hg,2466792,1924991,1,25,0,0,101.327,124976282,hyperedge,50000,50,random,2,20260725,93.0259,48.3991,9.92468,4.28432,155.634,79.5177,0.510927,12,0,126841,110859,0,7350.31,2706.8,2842.8,0.925859,0,1,none,0,-1,-1,0,126841,22427732,16
2,2026-09-26T02:51:51,real,paper,coauth.hg,2466792,1924991,1,25,0,0,101.592,125303771,hyperedge,50000,50,random,0,20260725,127.778,62.2254,10.3823,9.45307,209.839,78.9711,0.376342,18,0,252918,233063,0,7350.31,2706.8,2842.8,0.925859,0,1,none,0,-1,-1,0,252918,69255444,16
2,2026-09-26T02:51:51,real,paper,coauth.hg,2466792,1924991,1,25,0,0,101.489,125176627,hyperedge,50000,50,random,1,20260725,81.1116,49.6681,10.0989,4.84045,145.719,80.1974,0.550356,13,0,133593,121310,0,7350.31,2706.8,2842.8,0.925859,0,1,none,0,-1,-1,0,133593,26841279,17
2,2026-09-26T02:51:51,real,paper,coauth.hg,2466792,1924991,1,25,0,0,101.327,124976282,hyperedge,50000,50,random,2,20260725,87.0777,48.8965,10.0037,4.30998,150.288,80.3758,0.534812,12,0,126841,110875,0,7350.31,2706.8,2842.8,0.925859,0,1,none,0,-1,-1,0,126841,22441542,18
3,2026-09-26T02:53:50,real,paper,coauth.hg,2466792,1924991,1,25,0,0,101.592,125303771,hyperedge,50000,50,random,0,20260725,126.577,62.2178,10.4157,9.45312,208.664,79.2719,0.379903,18,0,252918,233044,0,7350.31,2706.8,2842.8,0.925859,0,1,none,0,-1,-1,0,252918,69234980,19
3,2026-09-26T02:53:50,real,paper,coauth.hg,2466792,1924991,1,25,0,0,101.489,125176627,hyperedge,50000,50,random,1,20260725,93.2519,49.9924,10.1529,4.85465,158.252,79.2674,0.500894,13,0,133593,121300,0,7350.31,2706.8,2842.8,0.925859,0,1,none,0,-1,-1,0,133593,26842740,15
3,2026-09-26T02:53:50,real,paper,coauth.hg,2466792,1924991,1,25,0,0,101.327,124976282,hyperedge,50000,50,random,2,20260725,83.9551,48.5887,10.0748,4.3192,146.938,78.8757,0.536796,12,0,126841,110877,0,7350.31,2706.8,2842.8,0.925859,0,1,none,0,-1,-1,0,126841,22427455,17
1,2026-09-26T02:49:51,real,paper,coauth.hg,2466792,1924991,1,25,0,0,101.45,125127871,hyperedge,100000,50,random,0,20260725,201.197,100.21,16.6654,12.0665,330.139,79.8837,0.24197,18,0,363068,326048,0,8734.31,3218.35,2867.98,0.925859,0,1,none,0,-1,-1,0,363068,86098418,18
1,2026-09-26T02:49:51,real,paper,coauth.hg,2466792,1924991,1,25,0,0,101.083,124674886,hyperedge,100000,50,random,1,20260725,131.859,92.2925,15.4355,9.02298,248.61,80.3371,0.323145,15,0,304157,269199,0,8734.31,3218.35,2867.98,0.925859,0,1,none,0,-1,-1,0,304157,54014455,15
1,2026-09-26T02:49:52,real,paper,coauth.hg,2466792,1924991,1,25,0,0,100.786,124309154,hyperedge,100000,50,random,2,20260725,133.154,87.3087,16.6383,9.31755,246.419,80.262,0.325714,15,0,293756,263619,0,8734.31,3218.35,2867.98,0.925859,0,1,none,0,-1,-1,0,293756,56939456,15
2,2026-09-26T02:52:09,real,paper,coauth.hg,2466792,1924991,1,25,0,0,101.45,125127871,hyperedge,100000,50,random,0,20260725,199.066,101.323,16.7435,12.0911,329.224,80.4391,0.24433,18,0,363068,326027,0,8740.31,3218.35,2867.98,0.925859,0,1,none,0,-1,-1,0,363068,86168498,17
2,2026-09-26T02:52:09,real,paper,coauth.hg,2466792,1924991,1,25,0,0,101.083,124674886,hyperedge,100000,50,random,1,20260725,133.899,90.7055,15.5596,9.03902,249.203,79.7351,0.319961,15,0,304157,269282,0,8740.31,3218.35,2867.98,0.925859,0,1,none,0,-1,-1,0,304157,54042845,14
2,2026-09-26T02:52:10,real,paper,coauth.hg,2466792,1924991,1,25,0,0,100.786,124309154,hyperedge,100000,50,random,2,20260725,133.352,88.6573,16.8052,9.27229,248.087,79.4806,0.320374,15,0,293756,263567,0,8740.31,3218.35,2867.98,0.925859,0,1,none,0,-1,-1,0,293756,56920515,15
3,2026-09-26T02:54:00,real,paper,coauth.hg,2466792,1924991,1,25,0,0,101.45,125127871,hyperedge,100000,50,random,0,20260725,193.308,99.5895,16.9363,12.0969,321.931,80.1107,0.248845,18,0,363068,326094,0,8734.31,3218.35,2867.98,0.925859,0,1,none,0,-1,-1,0,363068,86096697,17
3,2026-09-26T02:54:01,real,paper,coauth.hg,2466792,1924991,1,25,0,0,101.083,124674886,hyperedge,100000,50,random,1,20260725,141.487,90.4009,15.6156,9.01929,256.523,79.9294,0.311588,15,0,304157,269230,0,8734.31,3218.35,2867.98,0.925859,0,1,none,0,-1,-1,0,304157,54030426,16
3,2026-09-26T02:54:01,real,paper,coauth.hg,2466792,1924991,1,25,0,0,100.786,124309154,hyperedge,100000,50,random,2,20260725,131.416,88.0076,16.9416,9.33613,245.702,79.2514,0.322551,15,0,293756,263535,0,8734.31,3218.35,2867.98,0.925859,0,1,none,0,-1,-1,0,293756,56929439,15
1,2026-09-26T02:50:17,real,paper,coauth.hg,2466792,1924991,1,25,0,0,101.113,124712653,hyperedge,200000,50,random,0,20260725,326.584,173.556,28.6306,20.0081,548.779,81.1567,0.147886,19,0,647372,563620,0,11498.3,4241.45,2918.33,0.925859,0,1,none,0,-1,-1,0,647372,142513321,16
1,2026-09-26T02:50:18,real,paper,coauth.hg,2466792,1924991,1,25,0,0,100.571,124043888,hyperedge,200000,50,random,1,20260725,211.381,168.037,27.4656,21.1009,427.985,81.3559,0.190091,16,0,694858,613437,0,11498.3,4241.45,2918.33,0.925859,0,1,none,0,-1,-1,0,694858,138059023,17
1,2026-09-26T02:50:18,real,paper,coauth.hg,2466792,1924991,1,25,0,0,99.9497,123277705,hyperedge,200000,50,random,2,20260725,209.547,165.167,28.1265,19.6177,422.458,83.1784,0.196891,14,0,633418,555186,0,11498.3,4241.45,2918.33,0.925859,0,1,none,0,-1,-1,0,633418,125977997,18
2,2026-09-26T02:52:28,real,paper,coauth.hg,2466792,1924991,1,25,0,0,101.113,124712653,hyperedge,200000,50,random,0,20260725,316.254,171.508,28.8675,20.0359,536.666,80.8494,0.150651,19,0,647372,563749,0,11498.3,4241.45,2918.33,0.925859,0,1,none,0,-1,-1,0,647372,142466431,16
2,2026-09-26T02:52:28,real,paper,coauth.hg,2466792,1924991,1,25,0,0,100.571,124043888,hyperedge,200000,50,random,1,20260725,215.287,165.68,27.9468,21.0781,429.992,81.3604,0.189214,16,0,694858,613486,0,11498.3,4241.45,2918.33,0.925859,0,1,none,0,-1,-1,0,694858,138074553,18
2,2026-09-26T02:52:29,real,paper,coauth.hg,2466792,1924991,1,25,0,0,99.9497,123277705,hyperedge,200000,50,random,2,20260725,234.618,160.646,27.7052,19.6122,442.581,83.9001,0.18957,14,0,633418,555295,0,11498.3,4241.45,2918.33,0.925859,0,1,none,0,-1,-1,0,633418,125946448,17
3,2026-09-26T02:54:11,real,paper,coauth.hg,2466792,1924991,1,25,0,0,101.113,124712653,hyperedge,200000,50,random,0,20260725,319.006,173.628,29.6049,20.0581,542.297,80.9133,0.149205,19,0,647372,563594,0,11492.3,4241.45,2918.33,0.925859,0,1,none,0,-1,-1,0,647372,142470392,16
3,2026-09-26T02:54:12,real,paper,coauth.hg,2466792,1924991,1,25,0,0,100.571,124043888,hyperedge,200000,50,random,1,20260725,235.04,164.974,27.9179,21.0931,449.025,82.1203,0.182886,16,0,694858,613440,0,11492.3,4241.45,2918.33,0.925859,0,1,none,0,-1,-1,0,694858,138115440,19
3,2026-09-26T02:54:12,real,paper,coauth.hg,2466792,1924991,1,25,0,0,99.9497,123277705,hyperedge,200000,50,random,2,20260725,225.687,163.266,28.0114,19.6204,436.585,83.6548,0.191612,14,0,633418,555070,0,11492.3,4241.45,2918.33,0.925859,0,1,none,0,-1,-1,0,633418,125902300,15
1,2026-09-26T02:50:43,real,paper,coauth.hg,2466792,1924991,1,25,0,0,101.607,125321956,vertex,25000,50,random,0,20260725,31.4191,13.74,2.66702,1.93049,49.7565,77.6184,1.55996,11,0,32718,34195,0,5746.31,2195.25,2817.63,0.925859,0,1,none,0,-1,-1,0,32718,6559207,16
1,2026-09-26T02:50:44,real,paper,coauth.hg,2466792,1924991,1,25,0,0,101.501,125191336,vertex,25000,50,random,1,20260725,42.7268,11.6619,2.75942,2.63127,59.7794,77.451,1.29561,15,0,30479,32522,0,5746.31,2195.25,2817.63,0.925859,0,1,none,0,-1,-1,0,30479,13565222,18
1,2026-09-26T02:50:44,real,paper,coauth.hg,2466792,1924991,1,25,0,0,101.39,125054523,vertex,25000,50,random,2,20260725,53.1041,11.4748,2.42337,3.5063,70.5086,77.8467,1.10407,13,0,89145,88829,0,5746.31,2195.25,2817.63,0.925859,0,1,none,0,-1,-1,0,89145,21206274,15
2,2026-09-26T02:52:47,real,paper,coauth.hg,2466792,1924991,1,25,0,0,101.607,125321956,vertex,25000,50,random,0,20260725,31.8711,13.6624,2.62888,1.93716,50.0995,77.3678,1.54428,12,0,32718,34181,0,5746.31,2195.25,2817.63,0.925859,0,1,none,0,-1,-1,0,32718,6551100,17
2,2026-09-26T02:52:47,real,paper,coauth.hg,2466792,1924991,1,25,0,0,101.501,125191336,vertex,25000,50,random,1,20260725,44.1135,11.8539,2.73875,2.63883,61.345,77.1641,1.25787,15,0,30479,32515,0,5746.31,2195.25,2817.63,0.925859,0,1,none,0,-1,-1,0,30479,13553821,17
2,2026-09-26T02:52:47,real,paper,coauth.hg,2466792,1924991,1,25,0,0,101.39,125054523,vertex,25000,50,random,2,20260725,52.5557,11.7345,2.51136,3.50812,70.3097,77.9044,1.10802,13,0,89145,88821,0,5746.31,2195.25,2817.63,0.925859,0,1,none,0,-1,-1,0,89145,21275738,18
3,2026-09-26T02:54:22,real,paper,coauth.hg,2466792,1924991,1,25,0,0,101.607,125321956,vertex,25000,50,random,0,20260725,32.2888,13.762,2.71093,1.97092,50.7326,78.6068,1.54943,12,0,32718,34183,0,5740.31,2195.25,2817.63,0.925859,0,1,none,0,-1,-1,0,32718,6547943,17
3,2026-09-26T02:54:22,real,paper,coauth.hg,2466792,1924991,1,25,0,0,101.501,125191336,vertex,25000,50,random,1,20260725,43.3653,12.0342,2.77651,2.66218,60.8382,78.2721,1.28656,15,0,30479,32502,0,5740.31,2195.25,2817.63,0.925859,0,1,none,0,-1,-1,0,30479,13555590,16
3,2026-09-26T02:54:22,real,paper,coauth.hg,2466792,1924991,1,25,0,0,101.39,125054523,vertex,25000,50,random,2,20260725,52.4362,11.8297,2.47289,3.5594,70.2982,78.9794,1.12349,13,0,89145,88794,0,5740.31,2195.25,2817.63,0.925859,0,1,none,0,-1,-1,0,89145,21252381,17
1,2026-09-26T02:51:11,real,paper,coauth.hg,2466792,1924991,1,25,0,0,101.508,125200010,vertex,50000,50,random,0,20260725,49.9363,24.74,4.06272,3.56303,82.3021,77.9522,0.947147,15,0,62867,66447,0,5868.31,2195.25,2817.63,0.925859,0,1,none,0,-1,-1,0,62867,20032153,18
1,2026-09-26T02:51:12,real,paper,coauth.hg,2466792,1924991,1,25,0,0,101.291,124931657,vertex,50000,50,random,1,20260725,65.1931,22.5556,3.52605,4.63168,95.9064,78.3246,0.816677,13,0,125853,126919,0,5868.31,2195.25,2817.63,0.925859,0,1,none,0,-1,-1,0,125853,29217899,16
1,2026-09-26T02:51:12,real,paper,coauth.hg,2466792,1924991,1,25,0,0,101.104,124701660,vertex,50000,50,random,2,20260725,67.6547,22.3018,3.61193,3.26655,96.835,78.3424,0.80903,13,0,80271,83583,0,5868.31,2195.25,2817.63,0.925859,0,1,none,0,-1,-1,0,80271,18086807,15
2,2026-09-26T02:52:58,real,paper,coauth.hg,2466792,1924991,1,25,0,0,101.508,125200010,vertex,50000,50,random,0,20260725,50.4812,25.6003,4.07376,3.56319,83.7185,77.3085,0.923434,15,0,62867,66417,0,5874.31,2195.25,2817.63,0.925859,0,1,none,0,-1,-1,0,62867,20021340,17
2,2026-09-26T02:52:58,real,paper,coauth.hg,2466792,1924991,1,25,0,0,101.291,124931657,vertex,50000,50,random,1,20260725,70.3042,23.4216,3.54078,4.57873,101.845,77.1313,0.757338,13,0,125853,126946,0,5874.31,2195.25,2817.63,0.925859,0,1,none,0,-1,-1,0,125853,29237414,15
2,2026-09-26T02:52:58,real,paper,coauth.hg,2466792,1924991,1,25,0,0,101.104,124701660,vertex,50000,50,random,2,20260725,66.1097,22.8289,3.66152,3.2646,95.8647,77.3707,0.807082,13,0,80271,83571,0,5874.31,2195.25,2817.63,0.925859,0,1,none,0,-1,-1,0,80271,18106814,15
3,2026-09-26T02:54:31,real,paper,coauth.hg,2466792,1924991,1,25,0,0,101.508,125200010,vertex,50000,50,random,0,20260725,48.8678,24.5724,4.11343,3.60102,81.1547,78.3383,0.965296,15,0,62867,66455,0,5868.31,2195.25,2817.63,0.925859,0,1,none,0,-1,-1,0,62867,20064656,16
3,2026-09-26T02:54:31,real,paper,coauth.hg,2466792,1924991,1,25,0,0,101.291,124931657,vertex,50000,50,random,1,20260725,69.0022,23.2433,3.56853,4.63312,100.447,78.2058,0.778577,13,0,125853,126942,0,5868.31,2195.25,2817.63,0.925859,0,1,none,0,-1,-1,0,125853,29195280,16
3,2026-09-26T02:54:31,real,paper,coauth.hg,2466792,1924991,1,25,0,0,101.104,124701660,vertex,50000,50,random,2,20260725,65.7165,22.384,3.68792,3.27058,95.0591,78.7635,0.828574,13,0,80271,83584,0,5868.31,2195.25,2817.63,0.925859,0,1,none,0,-1,-1,0,80271,18094041,18
1,2026-09-26T02:51:20,real,paper,coauth.hg,2466792,1924991,1,25,0,0,101.298,124940356,vertex,100000,50,random,0,20260725,84.7148,50.5037,6.16238,7.16762,148.549,78.4207,0.527913,15,0,183422,187830,0,6094.31,2195.25,2817.63,0.925859,0,1,none,0,-1,-1,0,183422,48199660,17
1,2026-09-26T02:51:20,real,paper,coauth.hg,2466792,1924991,1,25,0,0,100.907,124458006,vertex,100000,50,random,1,20260725,80.6213,44.8347,5.62634,4.6897,135.772,77.8612,0.573471,13,0,129309,136292,0,6094.31,2195.25,2817.63,0.925859,0,1,none,0,-1,-1,0,129309,27543660,15
1,2026-09-26T02:51:21,real,paper,coauth.hg,2466792,1924991,1,25,0,0,100.532,123995595,vertex,100000,50,random,2,20260725,94.1243,44.0554,5.83313,5.25434,149.267,78.4388,0.525492,17,0,113563,122248,0,6094.31,2195.25,2817.63,0.925859,0,1,none,0,-1,-1,0,113563,31819565,16
2,2026-09-26T02:53:17,real,paper,coauth.hg,2466792,1924991,1,25,0,0,101.298,124940356,vertex,100000,50,random,0,20260725,88.418,46.3705,6.2118,7.20099,148.201,78.1665,0.527435,15,0,183422,187747,0,6094.31,2195.25,2817.63,0.925859,0,1,none,0,-1,-1,0,183422,48124823,17
2,2026-09-26T02:53:17,real,paper,coauth.hg,2466792,1924991,1,25,0,0,100.907,124458006,vertex,100000,50,random,1,20260725,88.8417,44.1453,5.67134,4.69863,143.357,77.94,0.543678,13,0,129309,136322,0,6094.31,2195.25,2817.63,0.925859,0,1,none,0,-1,-1,0,129309,27578432,14
2,2026-09-26T02:53:17,real,paper,coauth.hg,2466792,1924991,1,25,0,0,100.532,123995595,vertex,100000,50,random,2,20260725,84.5902,43.7559,5.85989,5.22311,139.429,78.8828,0.565756,17,0,113563,122275,0,6094.31,2195.25,2817.63,0.925859,0,1,none,0,-1,-1,0,113563,31835994,15
3,2026-09-26T02:54:42,real,paper,coauth.hg,2466792,1924991,1,25,0,0,101.298,124940356,vertex,100000,50,random,0,20260725,82.3738,45.6494,6.24192,7.19839,141.463,79.0468,0.558779,15,0,183422,187808,0,6094.31,2195.25,2817.63,0.925859,0,1,none,0,-1,-1,0,183422,48194556,17
3,2026-09-26T02:54:42,real,paper,coauth.hg,2466792,1924991,1,25,0,0,100.907,124458006,vertex,100000,50,random,1,20260725,87.9152,43.9853,5.71618,4.72005,142.337,77.8229,0.546752,13,0,129309,136309,0,6094.31,2195.25,2817.63,0.925859,0,1,none,0,-1,-1,0,129309,27541235,16
3,2026-09-26T02:54:43,real,paper,coauth.hg,2466792,1924991,1,25,0,0,100.532,123995595,vertex,100000,50,random,2,20260725,83.16,43.1767,5.87459,5.22803,137.439,78.5786,0.571733,17,0,113563,122276,0,6094.31,2195.25,2817.63,0.925859,0,1,none,0,-1,-1,0,113563,31836264,15
1,2026-09-26T02:51:30,real,paper,coauth.hg,2466792,1924991,1,25,0,0,100.925,124480241,vertex,200000,50,random,0,20260725,131.721,87.2187,9.76541,11.9911,240.696,77.7664,0.32309,15,0,304148,312796,0,6526.31,2195.25,2817.63,0.925859,0,1,none,0,-1,-1,0,304148,85826704,16
1,2026-09-26T02:51:31,real,paper,coauth.hg,2466792,1924991,1,25,0,0,100.159,123535626,vertex,200000,50,random,1,20260725,130.397,84.8465,9.47179,11.0408,235.756,79.2462,0.336136,17,0,288245,298799,0,6526.31,2195.25,2817.63,0.925859,0,1,none,0,-1,-1,0,288245,77785768,15
1,2026-09-26T02:51:31,real,paper,coauth.hg,2466792,1924991,1,25,0,0,99.3904,122587838,vertex,200000,50,random,2,20260725,146.585,83.8773,9.94311,8.47687,248.882,78.8125,0.316667,15,0,233622,249237,0,6526.31,2195.25,2817.63,0.925859,0,1,none,0,-1,-1,0,233622,55120905,15
2,2026-09-26T02:53:28,real,paper,coauth.hg,2466792,1924991,1,25,0,0,100.925,124480241,vertex,200000,50,random,0,20260725,136.058,91.3851,9.81257,11.9839,249.239,77.669,0.311624,15,0,304148,312780,0,6526.31,2195.25,2817.63,0.925859,0,1,none,0,-1,-1,0,304148,85845885,16
2,2026-09-26T02:53:29,real,paper,coauth.hg,2466792,1924991,1,25,0,0,100.159,123535626,vertex,200000,50,random,1,20260725,135.904,85.1413,9.5089,11.0508,241.605,78.7785,0.326064,17,0,288245,298733,0,6526.31,2195.25,2817.63,0.925859,0,1,none,0,-1,-1,0,288245,77831289,16
2,2026-09-26T02:53:29,real,paper,coauth.hg,2466792,1924991,1,25,0,0,99.3904,122587838,vertex,200000,50,random,2,20260725,160.589,83.3187,9.98445,8.46165,262.354,79.1975,0.301873,15,0,233622,249157,0,6526.31,2195.25,2817.63,0.925859,0,1,none,0,-1,-1,0,233622,55107183,16
3,2026-09-26T02:54:53,real,paper,coauth.hg,2466792,1924991,1,25,0,0,100.925,124480241,vertex,200000,50,random,0,20260725,138.528,89.4971,9.83113,12.014,249.87,78.3275,0.313473,15,0,304148,312806,0,6526.31,2195.25,2817.63,0.925859,0,1,none,0,-1,-1,0,304148,85770016,19
3,2026-09-26T02:54:54,real,paper,coauth.hg,2466792,1924991,1,25,0,0,100.159,123535626,vertex,200000,50,random,1,20260725,135.187,85.9139,9.55507,11.0461,241.702,79.2686,0.32796,17,0,288245,298758,0,6526.31,2195.25,2817.63,0.925859,0,1,none,0,-1,-1,0,288245,77836967,16
3,2026-09-26T02:54:54,real,paper,coauth.hg,2466792,1924991,1,25,0,0,99.3904,122587838,vertex,200000,50,random,2,20260725,155.231,86.1454,10.0351,8.48814,259.9,79.882,0.307357,15,0,233622,249216,0,6526.31,2195.25,2817.63,0.925859,0,1,none,0,-1,-1,0,233622,55102746,16
