kind,batch,run,load_ms,batches,dynamic_ms,static_ms,wall_ms
hyperedge,25000,1,2133,3,203,80,2455
hyperedge,25000,2,2159,3,210,80,2489
hyperedge,25000,3,2130,3,210,82,2461
hyperedge,50000,1,2104,3,337,80,2588
hyperedge,50000,2,2169,3,340,80,2656
hyperedge,50000,3,2164,3,344,82,2658
hyperedge,100000,1,2105,3,612,84,2930
hyperedge,100000,2,2176,3,598,82,2986
hyperedge,100000,3,2151,3,595,82,2958
hyperedge,200000,1,2120,3,1007,82,3466
hyperedge,200000,2,2197,3,1031,82,3574
hyperedge,200000,3,2125,3,1012,81,3479
vertex,25000,1,2139,3,106,82,2360
vertex,25000,2,2145,3,106,82,2367
vertex,25000,3,2137,3,107,83,2361
vertex,50000,1,2113,3,190,82,2447
vertex,50000,2,2125,3,167,82,2433
vertex,50000,3,2185,3,215,82,2553
vertex,100000,1,2124,3,305,79,2618
vertex,100000,2,2124,3,288,81,2603
vertex,100000,3,2120,3,288,80,2598
vertex,200000,1,2151,3,496,78,2932
vertex,200000,2,2149,3,520,82,2962
vertex,200000,3,2148,3,485,81,2921
